TEAMID,#TEAMMEMBERS,#MEN,#WOMEN,BlauIndex,GENDER,USERID,PRSMin,PRSMax,PRSMean,PRSStd,PRLTMin,PRLTMax,PRLTMean,PRLTStd
T01,4,3,1,0.375,M,M_01_01,0,709,23.4561,47.1842,0.0000,14.0000,0.7699,1.5584
T01,4,3,1,0.375,M,M_01_03,0,1123,22.6726,48.7634,0.0000,6.0000,0.2735,0.7946
T01,4,3,1,0.375,M,M_01_04,0,597,17.8961,35.3668,0.0000,5.0000,0.6231,0.9825
T01,4,3,1,0.375,W,W_01_02,0,341,20.7394,40.7188,0.0000,3.0000,0.6364,0.9021
T02,55,48,7,0.2221487603,M,M_02_01,0,118,20,28.327912,0,9,1.833333,3.600926
T02,55,48,7,0.2221487603,M,M_02_02,0,18016,41.955111,392.947794,0,13,1.111111,2.105973
T02,55,48,7,0.2221487603,M,M_02_04,2,154,25.586207,43.063818,0,3,1.666667,1.36626
T02,55,48,7,0.2221487603,M,M_02_05,2,143,20.4375,36.032188,1,7,3.333333,2.875181
T02,55,48,7,0.2221487603,M,M_02_06,0,228,11.401163,22.939702,0,21,3,7.348469
T02,55,48,7,0.2221487603,M,M_02_07,1,4,2,1.414214,0,1,0.5,0.707107
T02,55,48,7,0.2221487603,M,M_02_08,0,258,14.264368,31.316196,0,27,1.355932,4.536301
T02,55,48,7,0.2221487603,M,M_02_09,0,2675,51.047423,208.599912,0,5,0.583333,1.195649
T02,55,48,7,0.2221487603,M,M_02_10,0,1908,39.906072,161.47551,0,14,0.371212,1.497299
T02,55,48,7,0.2221487603,M,M_02_11,1,44,7.054054,9.922842,0,3,0.416667,0.880547
T02,55,48,7,0.2221487603,M,M_02_12,0,15360,129.093432,1124.785145,0,20,1.44898,3.154557
T02,55,48,7,0.2221487603,M,M_02_13,0,1902,65.166667,256.933012,0,21,7.25,8.144528
T02,55,48,7,0.2221487603,M,M_02_14,0,11245,75.455197,736.440478,0,8,0.360656,1.16467
T02,55,48,7,0.2221487603,M,M_02_16,1,283,15.6,51.187989,0,13,1.444444,3.868762
T02,55,48,7,0.2221487603,M,M_02_17,0,2510,37.347126,130.142337,0,14,2.2,3.039811
T02,55,48,7,0.2221487603,M,M_02_18,0,51,37.142857,17.571205,24,24,24,0
T02,55,48,7,0.2221487603,M,M_02_19,1,16,4.1,4.411707,0,6,2.333333,3.21455
T02,55,48,7,0.2221487603,M,M_02_20,2,120,21.377778,29.940982,0,5,1.75,2.052873
T02,55,48,7,0.2221487603,M,M_02_21,0,34330,598.537383,4149.935099,0,13,1.645161,3.057358
T02,55,48,7,0.2221487603,M,M_02_22,0,668,32.300676,81.032955,0,12,2.090909,3.56243
T02,55,48,7,0.2221487603,M,M_02_23,0,16785,73.463821,835.251431,0,84,1.363636,6.411942
T02,55,48,7,0.2221487603,M,M_02_24,0,1506,35.338028,154.133226,0,23,1.080645,3.161241
T02,55,48,7,0.2221487603,M,M_02_25,0,18016,132.858483,1100.802299,0,14,1.026316,1.966565
T02,55,48,7,0.2221487603,M,M_02_27,1,146,8.487805,22.657354,0,6,0.590909,1.317471
T02,55,48,7,0.2221487603,M,M_02_28,2,166,17.3,37.543957,0,7,3.5,4.041452
T02,55,48,7,0.2221487603,M,M_02_29,0,304,10.424116,25.434126,0,1,0.060606,0.240435
T02,55,48,7,0.2221487603,M,M_02_30,2,72,12,24.366253,1,1,1,0
T02,55,48,7,0.2221487603,M,M_02_31,0,234,6.202746,22.626415,0,1,0.037736,0.19238
T02,55,48,7,0.2221487603,M,M_02_32,0,114,13.72,29.752479,1,7,2.5,3
T02,55,48,7,0.2221487603,M,M_02_33,0,341,20.878713,40.901172,0,5,0.365385,0.929449
T02,55,48,7,0.2221487603,M,M_02_34,0,2535,37.466923,114.685288,0,14,1.293103,2.335561
T02,55,48,7,0.2221487603,M,M_02_35,1,33,6.636364,9.115896,0,1,0.142857,0.377964
T02,55,48,7,0.2221487603,M,M_02_36,0,16070,105.652549,1001.952953,0,22,3.289474,4.761367
T02,55,48,7,0.2221487603,M,M_02_37,0,237,21.460751,36.237903,0,8,1.5,1.817027
T02,55,48,7,0.2221487603,M,M_02_38,2,23,11,9.486833,0,0,0,0
T02,55,48,7,0.2221487603,M,M_02_39,5,22,15,5.925463,0,5,1.2,2.043961
T02,55,48,7,0.2221487603,M,M_02_40,2,61,5.55,12.998442,0,7,1.75,3.24037
T02,55,48,7,0.2221487603,M,M_02_41,0,1473,26.967378,70.607081,0,13,1.469388,2.403623
T02,55,48,7,0.2221487603,M,M_02_42,0,353,24.292683,48.110234,0,7,0.419355,1.310832
T02,55,48,7,0.2221487603,M,M_02_43,0,459,31.118959,58.138542,0,19,2.285714,5.536071
T02,55,48,7,0.2221487603,M,M_02_44,2,17,6.571429,5.940178,0,0,0,0
T02,55,48,7,0.2221487603,M,M_02_45,2,18,7.75,4.725816,0,1,0.5,0.57735
T02,55,48,7,0.2221487603,M,M_02_46,2,35,8.714286,11.893299,0,0,0,0
T02,55,48,7,0.2221487603,M,M_02_47,1,32,9.652174,8.962592,0,0,0,0
T02,55,48,7,0.2221487603,M,M_02_48,0,327,30.648045,55.315176,0,13,1.625,4.596194
T02,55,48,7,0.2221487603,M,M_02_49,1,4,2.285714,1.253566,0,0,0,0
T02,55,48,7,0.2221487603,M,M_02_50,0,3862,41.714704,165.315879,0,13,1.365591,2.276958
T02,55,48,7,0.2221487603,M,M_02_51,1,816,56.090909,153.377636,0,13,6.4,4.351245
T02,55,48,7,0.2221487603,M,M_02_52,1,114,28.066667,34.077947,0,5,0.294118,1.212678
T02,55,48,7,0.2221487603,M,M_02_53,0,29142,44.815371,459.671726,0,41,1.795745,3.414628
T02,55,48,7,0.2221487603,M,M_02_54,0,283,16.620491,35.227598,0,12,1.611111,2.41813
T02,55,48,7,0.2221487603,M,M_02_55,0,306,23.710744,52.708301,0,11,2,3.429972
T02,55,48,7,0.2221487603,W,W_02_03,1,286,11.905797,28.926462,0,3,0.55,0.932325
T02,55,48,7,0.2221487603,W,W_02_15,0,42610,48.061365,756.367684,0,69,1.375,5.887271
T02,55,48,7,0.2221487603,W,W_02_26,1,808,29.037736,109.959986,0,5,1.4,1.95505
T03,4,3,1,0.375,M,M_03_01,2,143,20.4375,36.627801,1,7,3.333333,3.21455
T03,4,3,1,0.375,M,M_03_03,0,51,37.142857,18.28869,24,24,24,NaN
T03,4,3,1,0.375,M,M_03_04,2,35,8.714286,12.378938,0,0,0,0
T03,4,3,1,0.375,W,W_03_02,5,21,10.4,6.503845,0,14,8.666667,7.571878
T04,9,8,1,0.1975308642,M,M_04_01,2,130,34.333333,50.613209,0,1,0.166667,0.408248
T04,9,8,1,0.1975308642,M,M_04_02,0,228,11.401163,22.939702,0,21,3,7.348469
T04,9,8,1,0.1975308642,M,M_04_03,1,9,3,2.828427,2,2,2,NaN
T04,9,8,1,0.1975308642,M,M_04_04,1,283,15.6,51.187989,0,13,1.444444,3.868762
T04,9,8,1,0.1975308642,M,M_04_05,1,10,4.142857,3.347953,0,0,0,0
T04,9,8,1,0.1975308642,M,M_04_06,1,16,4.1,4.411707,0,6,2.333333,3.21455
T04,9,8,1,0.1975308642,M,M_04_08,0,443,21.322251,42.541545,0,64,2.173077,9.24762
T04,9,8,1,0.1975308642,M,M_04_09,12,28,18.5,6.806859,0,0,0,0
T04,9,8,1,0.1975308642,W,W_04_07,0,78,18.285714,24.413404,5,5,5,NaN
T05,4,4,0,0,M,M_05_01,0,228,11.401163,22.939702,0,21,3,7.348469
T05,4,4,0,0,M,M_05_02,1,283,15.6,51.187989,0,13,1.444444,3.868762
T05,4,4,0,0,M,M_05_03,1,16,4.1,4.411707,0,6,2.333333,3.21455
T05,4,4,0,0,M,M_05_04,1,114,26.647059,32.690208,0,5,1,2.236068
T06,13,10,4,0.3136094675,M,M_06_02,0,503,23.284,55.536871,0,13,2.434783,3.290742
T06,13,10,4,0.3136094675,M,M_06_04,0,591,32.890411,76.511899,0,22,2.9375,5.56739
T06,13,10,4,0.3136094675,M,M_06_05,13,13,13,NaN,2,2,2,NaN
T06,13,10,4,0.3136094675,M,M_06_06,1,34,4.321739,6.197832,0,25,6.071429,8.416689
T06,13,10,4,0.3136094675,M,M_06_07,1,5098,121.327273,688.983391,0,15,5.444444,5.226879
T06,13,10,4,0.3136094675,M,M_06_08,0,216,20.465753,33.10655,0,13,1.7,3.341919
T06,13,10,4,0.3136094675,M,M_06_09,1,120,25.233333,31.103479,1,6,2.5,2.380476
T06,13,10,4,0.3136094675,M,M_06_11,1,267,37.075,58.920802,0,9,3.571429,3.779645
T06,13,10,4,0.3136094675,M,M_06_13,1,143,20.454545,28.720736,0,20,7,6.683313
T06,13,10,4,0.3136094675,M,M_06_14,0,121,17.645833,25.327211,0,3,0.466667,1.060099
T06,13,10,4,0.3136094675,W,W_06_01,0,484,30.742857,71.164575,0,8,3.5,3.271085
T06,13,10,4,0.3136094675,W,W_06_03,0,2867,83.803571,382.942835,0,4,0.666667,1.154701
T06,13,10,4,0.3136094675,W,W_06_10,1,40,13.4,15.630099,0,7,3.5,4.949747
T06,13,10,4,0.3136094675,W,W_06_12,0,895,36.025316,80.139229,0,32,3.095238,5.427165
T07,3,2,1,0.4444444444,M,M_07_01,41,41,41,0,0,0,0,NaN
T07,3,2,1,0.4444444444,W,W_07_02,0,1870,22.245763,78.561459,0,15,2.482759,3.056436
T07,3,2,1,0.4444444444,W,W_07_03,0,428,23.173077,38.693402,0,18,2.642857,3.900103
T08,44,37,7,0.2675619835,M,M_08_01,1,1511,191.444444,496.555916,0,7,3.666667,3.511885
T08,44,37,7,0.2675619835,M,M_08_02,4,12,6.857143,3.625308,1,7,3,3.464102
T08,44,37,7,0.2675619835,M,M_08_03,3,3,3,NaN,0,0,0,NaN
T08,44,37,7,0.2675619835,M,M_08_04,2,130,34.333333,50.613209,0,1,0.166667,0.408248
T08,44,37,7,0.2675619835,M,M_08_06,0,709,23.456148,47.184153,0,14,0.769912,1.558438
T08,44,37,7,0.2675619835,M,M_08_07,12,12,12,NaN,3,3,3,NaN
T08,44,37,7,0.2675619835,M,M_08_08,2,143,20.4375,36.627801,1,7,3.333333,3.21455
T08,44,37,7,0.2675619835,M,M_08_09,0,274,22.041237,36.540394,0,3,0.75,1.38873
T08,44,37,7,0.2675619835,M,M_08_10,3,8,5.5,3.535534,6,9,7.5,2.12132
T08,44,37,7,0.2675619835,M,M_08_11,0,470,14.898734,43.377868,0,3,0.123288,0.439229
T08,44,37,7,0.2675619835,M,M_08_12,1,44,7.53125,10.646776,0,3,0.5,0.971825
T08,44,37,7,0.2675619835,M,M_08_13,2,18,5.2,6.746192,0,0,0,0
T08,44,37,7,0.2675619835,M,M_08_14,1,130,9.367188,17.002024,0,1,0.045455,0.213201
T08,44,37,7,0.2675619835,M,M_08_16,1,139,8.129032,24.433231,0,1,0.181818,0.40452
T08,44,37,7,0.2675619835,M,M_08_17,6,6,6,NaN,5,5,5,NaN
T08,44,37,7,0.2675619835,M,M_08_18,0,51,37.142857,18.28869,24,24,24,NaN
T08,44,37,7,0.2675619835,M,M_08_20,2,24,4.607143,5.079656,0,4,0.625,1.407886
T08,44,37,7,0.2675619835,M,M_08_21,0,294,19.961268,35.558173,0,23,1.136364,3.651001
T08,44,37,7,0.2675619835,M,M_08_22,0,1123,22.672611,48.763413,0,6,0.273504,0.794636
T08,44,37,7,0.2675619835,M,M_08_23,1,211,22.771812,41.280209,0,1,0.103448,0.309934
T08,44,37,7,0.2675619835,M,M_08_24,1,22,5.142857,5.829067,0,6,1.2,2.683282
T08,44,37,7,0.2675619835,M,M_08_25,2,166,17.3,38.034749,0,7,3.5,4.949747
T08,44,37,7,0.2675619835,M,M_08_26,1,349,27.020243,42.466673,0,2,0.25,0.707107
T08,44,37,7,0.2675619835,M,M_08_27,0,145,30.058824,35.38621,7,7,7,NaN
T08,44,37,7,0.2675619835,M,M_08_28,2,76,10.6,20.071976,0,0,0,NaN
T08,44,37,7,0.2675619835,M,M_08_29,1,1,1,NaN,3,3,3,NaN
T08,44,37,7,0.2675619835,M,M_08_30,0,538,31.223881,74.75289,0,3,0.769231,1.091928
T08,44,37,7,0.2675619835,M,M_08_33,0,237,22.921569,38.155527,0,4,1.333333,1.328422
T08,44,37,7,0.2675619835,M,M_08_34,2,53,15.5,25.039968,0,9,4.5,6.363961
T08,44,37,7,0.2675619835,M,M_08_36,1,6,2.5,2.380476,1,64,32.5,44.547727
T08,44,37,7,0.2675619835,M,M_08_37,0,41,9.6,17.643696,0,16,8,11.313708
T08,44,37,7,0.2675619835,M,M_08_38,0,15,5.142857,5.45981,0,5,3,2.44949
T08,44,37,7,0.2675619835,M,M_08_39,0,597,17.908928,35.387271,0,5,0.637795,0.989382
T08,44,37,7,0.2675619835,M,M_08_41,1,218,39.409091,46.221569,0,1,0.166667,0.408248
T08,44,37,7,0.2675619835,M,M_08_42,0,3184,26.541872,223.938336,21,69,34,23.366643
T08,44,37,7,0.2675619835,M,M_08_43,12,28,18.5,6.806859,0,0,0,0
T08,44,37,7,0.2675619835,M,M_08_44,1,13,5.25,5.439056,7,7,7,NaN
T08,44,37,7,0.2675619835,W,W_08_05,1,14,5.0625,4.376901,0,0,0,0
T08,44,37,7,0.2675619835,W,W_08_15,0,1162,29.038128,71.488013,0,14,0.52381,1.901898
T08,44,37,7,0.2675619835,W,W_08_19,0,341,21.284123,42.928908,0,3,0.636364,0.902138
T08,44,37,7,0.2675619835,W,W_08_31,2,38,13.269231,11.981845,11,11,11,NaN
T08,44,37,7,0.2675619835,W,W_08_32,2,10,3.75,2.416797,0,0,0,NaN
T08,44,37,7,0.2675619835,W,W_08_35,2,156,26.448718,31.660392,0,39,13.333333,22.233608
T08,44,37,7,0.2675619835,W,W_08_40,2,2,2,NaN,0,0,0,NaN
T09,16,12,4,0.375,M,M_09_01,2,130,34.333333,50.613209,0,1,0.166667,0.408248
T09,16,12,4,0.375,M,M_09_02,0,971,39.879699,97.448902,0,7,1.6,2.270585
T09,16,12,4,0.375,M,M_09_03,0,228,11.401163,22.939702,0,21,3,7.348469
T09,16,12,4,0.375,M,M_09_04,41,41,41,NaN,0,0,0,NaN
T09,16,12,4,0.375,M,M_09_06,1,283,15.6,51.187989,0,13,1.444444,3.868762
T09,16,12,4,0.375,M,M_09_07,1,10,4.142857,3.347953,0,0,0,0
T09,16,12,4,0.375,M,M_09_08,0,15020,141.542381,623.234321,0,24,2.777778,7.965202
T09,16,12,4,0.375,M,M_09_10,2,515,25.235294,76.659921,0,5,2.5,3.535534
T09,16,12,4,0.375,M,M_09_11,1,16,4.1,4.411707,0,6,2.333333,3.21455
T09,16,12,4,0.375,M,M_09_13,0,597,18.200783,35.813926,0,5,0.592593,0.964259
T09,16,12,4,0.375,M,M_09_14,1,114,26.647059,32.690208,0,5,1,2.236068
T09,16,12,4,0.375,M,M_09_15,12,28,18.5,6.806859,0,0,0,0
T09,16,12,4,0.375,W,W_09_05,5,21,10.4,6.503845,0,14,8.666667,7.571878
T09,16,12,4,0.375,W,W_09_09,0,154,17.920502,24.005032,0,3,0.75,1
T09,16,12,4,0.375,W,W_09_12,2,22,12.833333,7.73089,0,5,1,2
T09,16,12,4,0.375,W,W_09_16,0,428,23.173077,38.708925,0,18,2.642857,3.900103
T10,23,20,3,0.2268431002,M,M_10_01,2,130,34.333333,50.613209,0,1,0.166667,0.408248
T10,23,20,3,0.2268431002,M,M_10_02,0,709,23.456148,47.184153,0,14,0.769912,1.558438
T10,23,20,3,0.2268431002,M,M_10_03,2,36,10.2,11.173381,0,0,0,0
T10,23,20,3,0.2268431002,M,M_10_04,0,228,11.401163,22.939702,0,21,3,7.348469
T10,23,20,3,0.2268431002,M,M_10_05,41,41,41,NaN,0,0,0,NaN
T10,23,20,3,0.2268431002,M,M_10_06,1,283,15.6,51.187989,0,13,1.444444,3.868762
T10,23,20,3,0.2268431002,M,M_10_07,1,10,4.142857,3.347953,0,0,0,0
T10,23,20,3,0.2268431002,M,M_10_08,0,15020,141.422006,622.8852,0,24,4.9,10.071412
T10,23,20,3,0.2268431002,M,M_10_10,2,515,25.235294,76.659921,0,5,2.5,3.535534
T10,23,20,3,0.2268431002,M,M_10_11,1,16,4.1,4.411707,0,6,2.333333,3.21455
T10,23,20,3,0.2268431002,M,M_10_12,0,1123,22.672611,48.763413,0,6,0.273504,0.794636
T10,23,20,3,0.2268431002,M,M_10_13,13,13,13,NaN,2,2,2,NaN
T10,23,20,3,0.2268431002,M,M_10_14,1,34,4.321739,6.197832,0,25,6.071429,8.416689
T10,23,20,3,0.2268431002,M,M_10_15,1,5098,121.327273,688.983391,0,15,5.444444,5.226879
T10,23,20,3,0.2268431002,M,M_10_17,2,2,2,0,0,0,0,NaN
T10,23,20,3,0.2268431002,M,M_10_18,1,267,37.075,58.920802,0,9,3.571429,3.779645
T10,23,20,3,0.2268431002,M,M_10_20,1,143,20.454545,28.720736,0,20,7,6.683313
T10,23,20,3,0.2268431002,M,M_10_21,0,597,18.186828,35.79208,0,5,0.59854,0.96604
T10,23,20,3,0.2268431002,M,M_10_22,1,114,26.647059,32.690208,0,5,1,2.236068
T10,23,20,3,0.2268431002,M,M_10_23,12,28,18.5,6.806859,0,0,0,0
T10,23,20,3,0.2268431002,W,W_10_09,0,341,20.739394,40.718829,0,3,0.636364,0.902138
T10,23,20,3,0.2268431002,W,W_10_16,1,40,13.4,15.630099,0,7,3.5,4.949747
T10,23,20,3,0.2268431002,W,W_10_19,5,22,15,6.284903,0,5,1.2,2.167948
T11,24,20,4,0.2777777778,M,M_11_01,1,18016,609.466667,2908.009805,0,0,0,0
T11,24,20,4,0.2777777778,M,M_11_03,2,154,26.071429,44.163776,0,2,1,1.414214
T11,24,20,4,0.2777777778,M,M_11_04,1,2675,140.128205,456.766625,0,5,0.583333,1.505042
T11,24,20,4,0.2777777778,M,M_11_05,1,1908,93.533333,323.864469,0,1,0.047619,0.218218
T11,24,20,4,0.2777777778,M,M_11_06,1,15360,489.381974,2385.555747,0,20,1.37037,4.020602
T11,24,20,4,0.2777777778,M,M_11_07,2,1902,152.26087,423.423215,0,14,4.666667,8.082904
T11,24,20,4,0.2777777778,M,M_11_08,1,11245,355.656566,1727.747544,0,1,0.1,0.316228
T11,24,20,4,0.2777777778,M,M_11_10,1,2510,104.793103,463.347091,0,14,5,6.63325
T11,24,20,4,0.2777777778,M,M_11_11,0,34330,1483.054054,6799.780296,0,1,0.125,0.353553
T11,24,20,4,0.2777777778,M,M_11_12,1,16785,546.381323,2798.754598,0,6,0.369565,1.040485
T11,24,20,4,0.2777777778,M,M_11_13,1,1506,192.368421,470.351072,0,1,0.142857,0.377964
T11,24,20,4,0.2777777778,M,M_11_14,0,18016,545.953782,2503.870238,0,8,1.086957,1.986914
T11,24,20,4,0.2777777778,M,M_11_16,1,146,11.5625,29.258864,0,2,0.3,0.674949
T11,24,20,4,0.2777777778,M,M_11_17,0,2535,77.088235,283.455071,0,4,0.416667,1.1645
T11,24,20,4,0.2777777778,M,M_11_18,1,16070,670.115646,2891.67411,0,5,1,1.705606
T11,24,20,4,0.2777777778,M,M_11_19,2,71,15.4,25.441249,0,2,0.5,1
T11,24,20,4,0.2777777778,M,M_11_20,1,161,11.54,25.7413,0,2,0.571429,0.786796
T11,24,20,4,0.2777777778,M,M_11_21,1,459,43.968254,95.451553,0,1,0.333333,0.516398
T11,24,20,4,0.2777777778,M,M_11_22,1,3862,109.209677,500.154403,0,8,0.6,1.788854
T11,24,20,4,0.2777777778,M,M_11_24,0,16007,164.496296,1328.927772,0,8,1.4,2.101587
T11,24,20,4,0.2777777778,W,W_11_02,1,30,5.425,7.253249,0,1,0.166667,0.408248
T11,24,20,4,0.2777777778,W,W_11_09,1,42610,345.671309,3205.787191,0,12,0.761905,2.624972
T11,24,20,4,0.2777777778,W,W_11_15,1,48,7.076923,9.169179,0,1,0.333333,0.57735
T11,24,20,4,0.2777777778,W,W_11_23,4,331,50.666667,105.464449,13,13,13,NaN
T12,59,52,4,0.2186153404,M,M_12_01,0,118,14.988764,23.68615,0,13,2.636364,4.304432
T12,59,52,4,0.2186153404,M,M_12_02,2,90,14.939394,19.250666,0,5,3.2,2.347576
T12,59,52,4,0.2186153404,M,M_12_03,2,204,68.428571,70.200122,0,7,4.333333,3.386247
T12,59,52,4,0.2186153404,M,M_12_04,0,1484,32.093574,92.081485,0,13,1.19403,2.168918
T12,59,52,4,0.2186153404,M,M_12_05,1,12926,267.533333,1767.534049,0,6,1.545455,2.240903
T12,59,52,4,0.2186153404,M,M_12_06,0,10416,74.248619,638.531015,0,21,1.737705,3.396165
T12,59,52,4,0.2186153404,M,M_12_07,0,11206,45.642264,369.270639,0,20,1.390909,3.052345
T12,59,52,4,0.2186153404,M,M_12_08,1,196,25.402439,32.12051,1,8,3.4,2.875181
T12,59,52,4,0.2186153404,M,M_12_09,0,26645,54.357096,724.126776,0,27,1.645455,4.600152
T12,59,52,4,0.2186153404,M,M_12_10,0,1129,42.659292,121.736925,0,2,0.5,0.904534
T12,59,52,4,0.2186153404,M,M_12_11,0,1388,40.375783,122.629663,0,14,1.026316,2.635381
T12,59,52,4,0.2186153404,M,M_12_12,1,7,4,2.54951,0,0,0,0
T12,59,52,4,0.2186153404,M,M_12_13,0,2436,29.641164,94.282686,0,17,1.544118,2.846489
T12,59,52,4,0.2186153404,M,M_12_14,0,159,18.581395,30.181204,0,21,8.8,9.14877
T12,59,52,4,0.2186153404,M,M_12_15,0,249,17.205438,31.359984,0,8,0.689655,1.627958
T12,59,52,4,0.2186153404,M,M_12_17,0,10584,50.646516,427.872435,0,19,1.712644,3.891321
T12,59,52,4,0.2186153404,M,M_12_18,0,787,33.071809,54.374088,0,12,2.088235,2.65567
T12,59,52,4,0.2186153404,M,M_12_19,0,429,28.742097,53.805344,0,21,1.454545,3.765875
T12,59,52,4,0.2186153404,M,M_12_20,0,11112,103.016043,825.792304,0,25,5.5,8.120799
T12,59,52,4,0.2186153404,M,M_12_21,2,120,21.377778,30.110621,0,5,1.75,2.217356
T12,59,52,4,0.2186153404,M,M_12_22,0,14667,131.007143,1238.15152,0,13,2.173913,3.433156
T12,59,52,4,0.2186153404,M,M_12_23,0,20927,87.432877,933.246844,0,18,2.516129,4.830714
T12,59,52,4,0.2186153404,M,M_12_24,0,2155,27.539628,85.005024,0,84,1.722222,7.47438
T12,59,52,4,0.2186153404,M,M_12_25,1,699,19.951923,72.171234,0,5,1.454545,1.809068
T12,59,52,4,0.2186153404,M,M_12_26,0,2251,37.2854,97.912748,0,14,1.234783,2.141202
T12,59,52,4,0.2186153404,M,M_12_28,2,7,3.571429,1.708987,0,1,0.666667,0.57735
T12,59,52,4,0.2186153404,M,M_12_29,0,12069,57.5218,602.768357,0,38,0.894737,4.25254
T12,59,52,4,0.2186153404,M,M_12_30,2,72,12,23.806034,1,1,1,0
T12,59,52,4,0.2186153404,M,M_12_31,0,26645,51.331928,555.98247,0,27,0.755162,2.39317
T12,59,52,4,0.2186153404,M,M_12_32,0,114,13.72,29.347664,1,7,2.5,2.77746
T12,59,52,4,0.2186153404,M,M_12_33,0,36102,151.887595,1734.845777,0,47,1.773585,5.788177
T12,59,52,4,0.2186153404,M,M_12_34,0,1080,30.523622,67.142327,0,14,1.483516,2.548911
T12,59,52,4,0.2186153404,M,M_12_36,1,4150,40.440777,152.295871,0,15,2.666667,4.874906
T12,59,52,4,0.2186153404,M,M_12_37,0,1069,32.092199,71.257549,0,22,3.71875,5.047296
T12,59,52,4,0.2186153404,M,M_12_38,1,23,9.166667,6.965282,2,3,2.5,0.707107
T12,59,52,4,0.2186153404,M,M_12_39,0,1902,34.73747,121.751441,0,19,1.28125,3.722385
T12,59,52,4,0.2186153404,M,M_12_40,2,61,5.487179,13.124522,0,7,1.75,3.5
T12,59,52,4,0.2186153404,M,M_12_41,0,1473,29.180775,74.644995,0,13,1.619048,2.565744
T12,59,52,4,0.2186153404,M,M_12_42,0,14181,84.620235,782.388998,0,20,1.267327,2.646282
T12,59,52,4,0.2186153404,M,M_12_43,0,12989,58.264843,464.89521,0,20,1.307692,3.269455
T12,59,52,4,0.2186153404,M,M_12_44,0,258,27.912913,39.110227,0,19,3.066667,6.518837
T12,59,52,4,0.2186153404,M,M_12_45,0,13081,42.408949,391.096524,0,19,0.733333,2.209653
T12,59,52,4,0.2186153404,M,M_12_46,2,18,7.75,4.891684,0,1,0.5,0.707107
T12,59,52,4,0.2186153404,M,M_12_47,0,17705,78.576527,660.17128,0,32,0.988506,3.606334
T12,59,52,4,0.2186153404,M,M_12_48,0,19923,65.882253,608.573937,0,13,1.235294,2.38587
T12,59,52,4,0.2186153404,M,M_12_49,3,312,48.728261,61.988319,0,2,1,0.894427
T12,59,52,4,0.2186153404,M,M_12_51,0,665,34.981496,69.245442,0,13,1.575342,2.368296
T12,59,52,4,0.2186153404,M,M_12_52,6,6,6,0,0,0,0,0
T12,59,52,4,0.2186153404,M,M_12_53,1,56,9.605769,11.057149,0,5,0.909091,2.0226
T12,59,52,4,0.2186153404,M,M_12_54,0,29142,41.557577,411.179558,0,41,1.842857,3.543182
T12,59,52,4,0.2186153404,M,M_12_55,0,283,16.635838,35.250416,0,12,1.611111,2.429509
T12,59,52,4,0.2186153404,M,M_12_56,0,306,25.231527,56.93683,0,11,2,3.535534
T12,59,52,4,0.2186153404,W,W_12_16,0,1666,31.817668,76.632316,0,69,2.418367,8.52035
T12,59,52,4,0.2186153404,W,W_12_27,2,808,50.185185,152.929354,1,5,3,2.828427
T12,59,52,4,0.2186153404,W,W_12_35,1,33,6.636364,8.974556,0,1,0.142857,0.363137
T12,59,52,4,0.2186153404,W,W_12_50,0,2058,36.285694,96.546769,0,31,3.135135,6.932797
T13,62,53,8,0.2526014568,M,M_13_01,1,1511,191.444444,496.555916,0,7,3.666667,3.511885
T13,62,53,8,0.2526014568,M,M_13_02,0,118,14.988764,23.775701,0,13,2.636364,4.410731
T13,62,53,8,0.2526014568,M,M_13_03,2,423,34.705882,100.59123,1,4,2.166667,1.169045
T13,62,53,8,0.2526014568,M,M_13_04,0,440,17.587349,38.129865,0,6,1.535714,1.794686
T13,62,53,8,0.2526014568,M,M_13_05,2,204,68.428571,73.997426,0,7,4.333333,3.785939
T13,62,53,8,0.2526014568,M,M_13_07,0,709,23.456148,47.184153,0,14,0.769912,1.558438
T13,62,53,8,0.2526014568,M,M_13_08,1,12926,267.533333,1773.190172,0,6,1.545455,2.296242
T13,62,53,8,0.2526014568,M,M_13_09,0,2149,30.267568,119.286253,0,9,2.5,2.798809
T13,62,53,8,0.2526014568,M,M_13_10,0,10416,74.248619,638.923595,0,21,1.737705,3.410287
T13,62,53,8,0.2526014568,M,M_13_11,0,11206,45.642264,369.334576,0,20,1.390909,3.059338
T13,62,53,8,0.2526014568,M,M_13_12,1,196,25.402439,32.252423,1,8,3.4,3.04959
T13,62,53,8,0.2526014568,M,M_13_13,0,26645,54.359844,723.107889,0,27,1.684685,4.608257
T13,62,53,8,0.2526014568,M,M_13_14,0,2051,26.325843,113.012753,0,22,1.744186,3.697445
T13,62,53,8,0.2526014568,M,M_13_15,3,8,5.5,3.535534,6,9,7.5,2.12132
T13,62,53,8,0.2526014568,M,M_13_17,0,10584,50.730185,428.8882,0,19,1.752941,3.939742
T13,62,53,8,0.2526014568,M,M_13_18,0,2072,25.649412,115.116438,0,14,4.105263,4.148557
T13,62,53,8,0.2526014568,M,M_13_19,6,6,6,NaN,5,5,5,NaN
T13,62,53,8,0.2526014568,M,M_13_21,0,429,28.742097,53.835227,0,21,1.454545,3.787707
T13,62,53,8,0.2526014568,M,M_13_22,0,11112,103.016043,827.270895,0,25,5.5,8.343327
T13,62,53,8,0.2526014568,M,M_13_23,0,20927,87.432877,933.673471,0,18,2.516129,4.870804
T13,62,53,8,0.2526014568,M,M_13_24,0,1123,22.672611,48.763413,0,6,0.273504,0.794636
T13,62,53,8,0.2526014568,M,M_13_25,0,1947,11.36833,82.939417,0,8,1.321429,1.806441
T13,62,53,8,0.2526014568,M,M_13_26,0,7549,55.708108,554.64309,0,9,3,3.505098
T13,62,53,8,0.2526014568,M,M_13_27,0,2515,40.097473,203.437082,0,6,1.6875,1.579821
T13,62,53,8,0.2526014568,M,M_13_28,0,12069,57.5218,602.909736,0,38,0.894737,4.263835
T13,62,53,8,0.2526014568,M,M_13_29,0,457,17.235294,35.795483,0,13,1.044643,1.822721
T13,62,53,8,0.2526014568,M,M_13_30,2,373,85.8,161.003727,7,7,7,NaN
T13,62,53,8,0.2526014568,M,M_13_31,0,24883,49.498291,631.161138,0,6,0.742574,1.17178
T13,62,53,8,0.2526014568,M,M_13_32,0,26645,51.403886,556.402824,0,27,0.757396,2.398136
T13,62,53,8,0.2526014568,M,M_13_33,0,145,30.058824,35.38621,7,7,7,NaN
T13,62,53,8,0.2526014568,M,M_13_34,0,24883,59.798544,849.16971,0,7,1.22093,1.683142
T13,62,53,8,0.2526014568,M,M_13_35,1,1,1,NaN,3,3,3,NaN
T13,62,53,8,0.2526014568,M,M_13_36,0,36102,151.887595,1735.182738,0,47,1.773585,5.801942
T13,62,53,8,0.2526014568,M,M_13_38,1,4150,40.440777,152.345197,0,15,2.666667,5.024938
T13,62,53,8,0.2526014568,M,M_13_40,0,466,19.543478,44.265452,0,8,1.29703,1.717816
T13,62,53,8,0.2526014568,M,M_13_41,2,2,2,0,0,0,0,NaN
T13,62,53,8,0.2526014568,M,M_13_42,0,1902,34.73747,121.848493,0,19,1.28125,3.752284
T13,62,53,8,0.2526014568,M,M_13_43,2,53,15.5,25.039968,0,9,4.5,6.363961
T13,62,53,8,0.2526014568,M,M_13_45,0,14181,84.620235,782.580314,0,20,1.267327,2.652889
T13,62,53,8,0.2526014568,M,M_13_46,1,6,2.5,2.380476,1,64,32.5,44.547727
T13,62,53,8,0.2526014568,M,M_13_47,0,41,9.6,17.643696,0,16,8,11.313708
T13,62,53,8,0.2526014568,M,M_13_48,0,15,5.142857,5.45981,0,5,3,2.44949
T13,62,53,8,0.2526014568,M,M_13_49,0,12989,58.264843,464.985454,0,20,1.307692,3.278524
T13,62,53,8,0.2526014568,M,M_13_50,0,13081,42.415075,391.412047,0,19,0.705882,2.203052
T13,62,53,8,0.2526014568,M,M_13_51,4,22,8,6.429101,0,2,1,1.414214
T13,62,53,8,0.2526014568,M,M_13_52,0,17705,78.576527,660.322401,0,32,0.988506,3.616803
T13,62,53,8,0.2526014568,M,M_13_53,0,19923,65.965986,609.173803,0,13,1.235294,2.394756
T13,62,53,8,0.2526014568,M,M_13_54,3,312,46.88,61.169382,0,2,1,1
T13,62,53,8,0.2526014568,M,M_13_56,6,6,6,0,0,0,0,0
T13,62,53,8,0.2526014568,M,M_13_58,0,2543,27.164211,127.173004,0,15,2.916667,5.195423
T13,62,53,8,0.2526014568,M,M_13_59,0,3184,26.541872,223.938336,21,69,34,23.366643
T13,62,53,8,0.2526014568,M,M_13_60,0,305,35.54,65.329373,0,4,1.25,1.892969
T13,62,53,8,0.2526014568,M,M_13_61,1,13,5.25,5.439056,7,7,7,NaN
T13,62,53,8,0.2526014568,M,M_13_62,0,1263,25.323944,107.024061,1,39,11,18.690461
T13,62,53,8,0.2526014568,W,W_13_06,0,638,9.524736,36.869495,0,21,2.204545,3.47469
T13,62,53,8,0.2526014568,W,W_13_16,2,15,8.5,9.192388,4,4,4,NaN
T13,62,53,8,0.2526014568,W,W_13_20,0,341,28.142857,66.787985,0,1,0.333333,0.516398
T13,62,53,8,0.2526014568,W,W_13_37,0,218,16.625,35.25341,0,6,1.041667,1.706233
T13,62,53,8,0.2526014568,W,W_13_39,2,10,3.75,2.416797,0,0,0,NaN
T13,62,53,8,0.2526014568,W,W_13_44,0,23155,36.09749,719.505783,0,9,1.460526,1.969371
T13,62,53,8,0.2526014568,W,W_13_55,0,2058,36.490566,97.260478,0,31,3.135135,6.980776
T13,62,53,8,0.2526014568,W,W_13_57,0,816,18.751724,72.102216,0,30,7.5,6.972636
T14,63,51,11,0.3141849332,M,M_14_01,1,1511,191.444444,496.555916,0,7,3.666667,3.511885
T14,63,51,11,0.3141849332,M,M_14_02,2,423,34.705882,100.59123,1,4,2.166667,1.169045
T14,63,51,11,0.3141849332,M,M_14_03,0,440,17.879599,39.666126,0,6,1.173913,1.435022
T14,63,51,11,0.3141849332,M,M_14_04,0,18016,41.955111,392.984863,0,13,1.111111,2.113375
T14,63,51,11,0.3141849332,M,M_14_06,0,709,23.456148,47.184153,0,14,0.769912,1.558438
T14,63,51,11,0.3141849332,M,M_14_07,0,2149,29.927318,115.441265,0,9,2.307692,2.529315
T14,63,51,11,0.3141849332,M,M_14_08,2,143,20.4375,36.627801,1,7,3.333333,3.21455
T14,63,51,11,0.3141849332,M,M_14_09,6,136,55.2,54.098983,6,6,6,NaN
T14,63,51,11,0.3141849332,M,M_14_10,0,2675,39.372041,171.831376,0,22,1.263889,3.002314
T14,63,51,11,0.3141849332,M,M_14_11,3,8,5.5,3.535534,6,9,7.5,2.12132
T14,63,51,11,0.3141849332,M,M_14_12,0,1908,54.746269,198.911112,0,14,0.655738,2.128264
T14,63,51,11,0.3141849332,M,M_14_13,1,60,9.325,14.211565,0,3,0.416667,0.900337
T14,63,51,11,0.3141849332,M,M_14_14,0,15360,129.093432,1125.045482,0,20,1.44898,3.162677
T14,63,51,11,0.3141849332,M,M_14_16,0,1902,65.166667,257.422876,0,21,7.25,8.430387
T14,63,51,11,0.3141849332,M,M_14_17,0,11245,95.127907,838.461959,0,8,0.538462,1.429872
T14,63,51,11,0.3141849332,M,M_14_19,0,2510,31.368359,123.647592,0,14,2.803279,3.572206
T14,63,51,11,0.3141849332,M,M_14_20,6,6,6,NaN,5,5,5,NaN
T14,63,51,11,0.3141849332,M,M_14_21,0,51,37.142857,18.28869,24,24,24,NaN
T14,63,51,11,0.3141849332,M,M_14_23,2,120,21.377778,30.110621,0,5,1.75,2.217356
T14,63,51,11,0.3141849332,M,M_14_24,0,34330,598.537383,4154.80306,0,13,1.645161,3.08273
T14,63,51,11,0.3141849332,M,M_14_25,0,16785,73.629679,836.290932,0,84,1.352041,6.450088
T14,63,51,11,0.3141849332,M,M_14_26,1,1506,61.185629,241.452074,0,5,0.85,1.496487
T14,63,51,11,0.3141849332,M,M_14_27,0,1123,22.672611,48.763413,0,6,0.273504,0.794636
T14,63,51,11,0.3141849332,M,M_14_28,0,18016,132.858483,1100.90992,0,14,1.026316,1.969165
T14,63,51,11,0.3141849332,M,M_14_30,0,1947,11.218605,79.116533,0,8,0.976744,1.565831
T14,63,51,11,0.3141849332,M,M_14_31,0,7549,55.708108,554.64309,0,9,3,3.505098
T14,63,51,11,0.3141849332,M,M_14_32,0,2515,38.56229,196.763467,0,7,1.888889,1.996729
T14,63,51,11,0.3141849332,M,M_14_34,2,373,85.8,161.003727,7,7,7,NaN
T14,63,51,11,0.3141849332,M,M_14_36,0,145,30.058824,35.38621,7,7,7,NaN
T14,63,51,11,0.3141849332,M,M_14_37,0,24883,60.749794,857.860945,0,7,1.158537,1.598375
T14,63,51,11,0.3141849332,M,M_14_38,1,1,1,NaN,3,3,3,NaN
T14,63,51,11,0.3141849332,M,M_14_39,0,2535,36.84818,113.383066,0,14,1.318584,2.365169
T14,63,51,11,0.3141849332,M,M_14_42,0,16070,105.652549,1002.149549,0,22,3.289474,4.777212
T14,63,51,11,0.3141849332,M,M_14_43,0,466,20.060309,42.992703,0,8,1.296,1.641321
T14,63,51,11,0.3141849332,M,M_14_44,2,53,15.5,25.039968,0,9,4.5,6.363961
T14,63,51,11,0.3141849332,M,M_14_46,2,61,5.55,13.0815,0,7,1.75,3.5
T14,63,51,11,0.3141849332,M,M_14_47,0,1473,26.967378,70.629253,0,13,1.469388,2.416109
T14,63,51,11,0.3141849332,M,M_14_48,1,6,2.5,2.380476,1,64,32.5,44.547727
T14,63,51,11,0.3141849332,M,M_14_49,0,41,9.6,17.643696,0,16,8,11.313708
T14,63,51,11,0.3141849332,M,M_14_50,0,15,5.142857,5.45981,0,5,3,2.44949
T14,63,51,11,0.3141849332,M,M_14_51,0,459,31.118959,58.192751,0,19,2.285714,5.604845
T14,63,51,11,0.3141849332,M,M_14_52,2,18,7.75,4.891684,0,1,0.5,0.707107
T14,63,51,11,0.3141849332,M,M_14_53,0,597,17.93217,35.205315,0,5,0.637795,0.989382
T14,63,51,11,0.3141849332,M,M_14_54,0,3862,41.714704,165.346131,0,13,1.365591,2.283137
T14,63,51,11,0.3141849332,M,M_14_55,0,816,20.616883,74.370139,0,30,7.789474,6.892661
T14,63,51,11,0.3141849332,M,M_14_56,0,2543,28.985859,125.281924,0,15,1.55,4.14824
T14,63,51,11,0.3141849332,M,M_14_57,0,3184,26.541872,223.938336,21,69,34,23.366643
T14,63,51,11,0.3141849332,M,M_14_58,0,29142,44.815371,459.682241,0,41,1.795745,3.418274
T14,63,51,11,0.3141849332,M,M_14_59,0,283,16.620491,35.240323,0,12,1.611111,2.429509
T14,63,51,11,0.3141849332,M,M_14_60,0,305,35.54,65.329373,0,4,1.25,1.892969
T14,63,51,11,0.3141849332,M,M_14_61,0,306,23.710744,52.817995,0,11,2,3.535534
T14,63,51,11,0.3141849332,M,M_14_62,1,13,5.25,5.439056,7,7,7,NaN
T14,63,51,11,0.3141849332,M,M_14_63,0,1263,25.323944,107.024061,1,39,11,18.690461
T14,63,51,11,0.3141849332,W,W_14_05,0,638,9.372118,36.241128,0,21,1.849057,3.260464
T14,63,51,11,0.3141849332,W,W_14_15,2,15,8.5,9.192388,4,4,4,NaN
T14,63,51,11,0.3141849332,W,W_14_18,0,42610,52.203125,849.369738,0,69,1.78882,6.896929
T14,63,51,11,0.3141849332,W,W_14_22,0,341,20.739394,40.718829,0,3,0.636364,0.902138
T14,63,51,11,0.3141849332,W,W_14_29,1,808,29.037736,110.487375,0,5,1.4,2.073644
T14,63,51,11,0.3141849332,W,W_14_33,0,457,17.293321,35.914076,0,13,1.045455,1.839358
T14,63,51,11,0.3141849332,W,W_14_35,0,24883,49.498291,631.161138,0,6,0.742574,1.17178
T14,63,51,11,0.3141849332,W,W_14_40,0,218,17.757732,36.915645,0,6,1.411765,1.905873
T14,63,51,11,0.3141849332,W,W_14_41,2,10,3.75,2.416797,0,0,0,NaN
T14,63,51,11,0.3141849332,W,W_14_45,0,23155,36.09749,719.505783,0,9,1.460526,1.969371